Chr,Region1,Region2,Sample_ID,Orientation,Read_Count,Read_Width,Type,Direction,GT
chr1,16415901,16416038,HI_WG0898,FF,10,137,Inversion,OuterLeft,0/0
chr1,16415902,16415902,HI_WG0096,FF,6,0,Inversion,InnerRight,0/0
chr1,16415918,16415964,HI_WG0928,FF,9,46,Inversion,OuterLeft,0/0
chr1,16415920,16416094,HI_WG0991,FF,11,174,Inversion,OuterLeft,0/0
chr1,16415923,16416094,HI_WG0922,FF,8,171,Inversion,OuterLeft,0/0
chr1,16415940,16416094,HI_WG0434,FF,10,154,Inversion,OuterLeft,0/0
chr1,16415944,16416094,HI_WG0811,FF,18,150,Inversion,OuterLeft,0/0
chr1,16415995,16415995,HI_WG0321,FF,12,0,Inversion,InnerRight,0/0
chr1,80861711,80874316,HI_WG0295,RR,6,12605,Inversion,InnerLeft,0/0
chr1,80861950,80873975,HI_WG1157,FF,7,-12025,Inversion,InnerRight,0/0
chr1,80861960,80873903,HI_WG0462,FF,5,-11943,Inversion,InnerRight,0/0
chr1,80861960,80874054,HI_WG0462,FF,9,12094,Inversion,OuterLeft,0/0
chr1,93262240,93262246,HI_WG0684,RR,6,-6,Inversion,OuterRight,0/0
chr1,93262241,93262245,HI_WG0964,RR,8,-4,Inversion,OuterRight,0/0
chr1,157887783,157887826,HI_WG1356,FF,8,43,Inversion,OuterLeft,0/0
chr1,157887799,157887820,HI_WG0534,FF,6,-21,Inversion,InnerRight,0/0
chr1,157887802,157887834,HI_WG0684,FF,7,32,Inversion,OuterLeft,0/0
chr1,157887807,157887840,HI_WG0565,FF,8,33,Inversion,OuterLeft,0/0
chr10,76505148,76505294,HI_WG0416,FF,19,146,Inversion,OuterLeft,0/0
chr10,76505154,76505292,HI_WG1182,FF,13,138,Inversion,OuterLeft,0/0
chr11,307787,321192,HI_WG0321,FF,6,-13405,Inversion,InnerRight,0/0
chr11,307787,321192,HI_WG0321,FF,6,13405,Inversion,OuterLeft,0/0
chr11,308304,320723,HI_WG0702,FF,5,12419,Inversion,OuterLeft,0/0
chr11,308304,320929,HI_WG0702,FF,5,-12625,Inversion,InnerRight,0/0
chr11,21751429,21751638,HI_WG1004,FF,6,-209,Inversion,InnerRight,0/0
chr11,21751621,21751625,HI_WG0684,FF,8,-4,Inversion,InnerRight,0/0
chr11,36331187,36331554,HI_WG0863,FF,5,367,Inversion,OuterLeft,0/0
chr11,36331216,36331555,HI_WG0974,FF,10,339,Inversion,OuterLeft,0/0
chr11,39616957,39616976,HI_WG0980,FF,6,-19,Inversion,InnerRight,0/0
chr11,39616959,39616979,HI_WG1360,FF,6,-20,Inversion,InnerRight,0/0
chr11,91809759,91810710,HI_WG0462,FR,6,-18058,Duplication,RightEdge,0/0
chr11,91809823,91810710,HI_WG0321,FR,6,-17989,Duplication,RightEdge,0/0
chr11,91810423,91810710,HI_WG0321,FR,8,17997,Deletion,LeftEdge,0/0
chr11,93150631,93160214,HI_WG0321,RF,6,-9583,Deletion,RightEdge,0/0
chr11,93154131,93154134,HI_WG0462,RF,6,-6067,Deletion,RightEdge,0/0
chr11,95367109,95367192,HI_WG0898,FF,5,83,Inversion,OuterLeft,0/0
chr11,95367119,95367209,HI_WG0292,FF,35,90,Inversion,OuterLeft,0/0
chr11,95367129,95367210,HI_WG0096,FF,18,81,Inversion,OuterLeft,0/0
chr11,95367133,95367133,HI_WG0178,FF,6,0,Inversion,InnerRight,0/0
chr11,95367133,95367133,HI_WG0449,FF,8,0,Inversion,InnerRight,0/0
chr11,95367142,95367187,HI_WG0271,FF,16,-45,Inversion,InnerRight,0/0
chr11,95367149,95367149,HI_WG0437,FF,19,0,Inversion,OuterLeft,0/0
chr11,95367154,95367210,HI_WG0190,FF,19,56,Inversion,OuterLeft,0/0
chr11,95367162,95367162,HI_WG0274,FF,9,0,Inversion,InnerRight,0/0
chr11,95367162,95367192,HI_WG0452,FF,25,30,Inversion,InnerRight,0/0
chr11,95367172,95367192,HI_WG0262,FF,15,20,Inversion,OuterLeft,0/0
chr11,95367174,95367174,HI_WG0298,FF,16,0,Inversion,InnerRight,0/0
chr11,95367175,95367225,HI_WG0677,FF,7,50,Inversion,OuterLeft,0/0
chr11,95367176,95367228,HI_WG0277,FF,14,52,Inversion,OuterLeft,0/0
chr11,95367178,95367178,HI_WG0440,FF,13,0,Inversion,InnerRight,0/0
chr11,95367209,95367229,HI_WG0419,FF,18,20,Inversion,InnerRight,0/0
chr11,95367223,95367223,HI_WG0295,FF,14,0,Inversion,InnerRight,0/0
chr12,113942327,113944459,HI_WG0932,RR,10,2132,Inversion,InnerLeft,0/0
chr12,113942327,113944475,HI_WG0932,RR,10,-2148,Inversion,OuterRight,0/0
chr12,113942434,113944392,HI_WG1344,FF,5,1958,Inversion,OuterLeft,0/0
chr12,113942434,113944442,HI_WG1344,FF,5,-2008,Inversion,InnerRight,0/0
chr12,121365281,121366066,HI_WG0027,RR,5,-785,Inversion,OuterRight,0/0
chr12,121365286,121366032,HI_WG0437,RR,6,746,Inversion,InnerLeft,0/0
chr12,121365945,121365952,HI_WG0027,FF,17,-7,Inversion,InnerRight,0/0
chr12,121365956,121365959,HI_WG0523,FF,7,-3,Inversion,InnerRight,0/0
chr12,121365956,121365998,HI_WG0104,FF,25,-42,Inversion,InnerRight,0/0
chr13,29479056,29483522,HI_WG0462,RF,5,-4466,Deletion,RightEdge,0/0
chr13,29479074,29483556,HI_WG0321,RF,7,-4482,Deletion,RightEdge,0/0
chr14,39942104,39950977,HI_WG0190,FF,5,8873,Inversion,OuterLeft,0/0
chr14,39942105,39951066,HI_WG0271,FF,6,8961,Inversion,OuterLeft,0/0
chr14,59047891,59059004,HI_WG0864,FF,5,11113,Inversion,OuterLeft,0/0
chr14,59047972,59059007,HI_WG0684,FF,10,11035,Inversion,OuterLeft,0/0
chr14,59048023,59058875,HI_WG0684,RR,5,10852,Inversion,InnerLeft,0/0
chr14,59048055,59058858,HI_WG0534,RR,7,10803,Inversion,InnerLeft,0/0
chr14,65843021,65843135,HI_WG1143,FF,17,114,Inversion,OuterLeft,0/0
chr14,65843070,65843135,HI_WG1133,FF,17,65,Inversion,OuterLeft,0/0
chr16,8611825,8614236,HI_WG0452,FR,14,-2411,Duplication,RightEdge,0/0
chr16,8613450,8614788,HI_WG0534,FR,5,-1338,Duplication,RightEdge,0/0
chr16,29238087,29238492,HI_WG0321,FF,13,-405,Inversion,InnerRight,0/0
chr16,29238123,29238492,HI_WG0321,FF,14,369,Inversion,OuterLeft,0/0
chr16,29238176,29238176,HI_WG0027,RR,10,0,Inversion,InnerLeft,0/0
chr16,84735732,84736555,HI_WG0811,FF,5,823,Inversion,OuterLeft,0/0
chr16,84736282,84736477,HI_WG0980,FF,6,195,Inversion,OuterLeft,0/0
chr18,56900888,56901055,HI_WG0991,FF,6,167,Inversion,OuterLeft,0/0
chr18,56901020,56901112,HI_WG0060,FF,5,92,Inversion,OuterLeft,0/0
chr2,92326018,92326083,HI_WG0027,RF,7,1920,Duplication,LeftEdge,0/0
chr2,92326018,92326105,HI_WG0289,FR,5,-2034,Duplication,RightEdge,0/0
chr2,155155143,155155166,HI_WG0462,RR,6,-23,Inversion,OuterRight,0/0
chr2,155155160,155155166,HI_WG0518,RR,6,-6,Inversion,OuterRight,0/0
chr22,39717016,39717027,HI_WG0518,FF,6,-11,Inversion,InnerRight,0/0
chr22,39717026,39717026,HI_WG0013,FF,16,0,Inversion,InnerRight,0/0
chr3,137438789,137439550,HI_WG0013,FF,5,761,Inversion,OuterLeft,0/0
chr3,137439350,137439428,HI_WG0104,FF,5,78,Inversion,OuterLeft,0/0
chr3,140839564,140858190,HI_WG0193,FR,6,18626,Deletion,LeftEdge,0/0
chr3,140839564,140858193,HI_WG0193,RF,6,-18629,Deletion,RightEdge,0/0
chr3,140839959,140858418,HI_WG1124,FR,7,-18459,Duplication,RightEdge,0/0
chr3,140839981,140858418,HI_WG1124,RF,7,18437,Duplication,LeftEdge,0/0
chr4,118579497,118590582,HI_WG0462,FR,10,-11085,Duplication,RightEdge,0/0
chr4,118579542,118590594,HI_WG0321,FR,9,-11052,Duplication,RightEdge,0/0
chr4,118579542,118590594,HI_WG0321,RF,8,11052,Duplication,LeftEdge,0/0
chr4,118579554,118590599,HI_WG0462,RF,8,11045,Duplication,LeftEdge,0/0
chr4,118579777,118590851,HI_WG1129,FR,7,11074,Deletion,LeftEdge,0/0
chr4,118579778,118591024,HI_WG0321,RF,5,-11246,Deletion,RightEdge,0/0
chr4,118589284,118602836,HI_WG0060,FR,6,-13552,Duplication,RightEdge,0/0
chr4,118589348,118602858,HI_WG0698,RF,5,13510,Duplication,LeftEdge,0/0
chr5,132964559,132965945,HI_WG1350,FF,6,-1386,Inversion,InnerRight,0/0
chr5,132964872,132965773,HI_WG0321,RR,7,-901,Inversion,OuterRight,0/0
chr5,132964901,132965730,HI_WG0321,RR,7,829,Inversion,InnerLeft,0/0
chr5,136878391,136885625,HI_WG0027,FR,6,7234,Deletion,LeftEdge,0/0
chr5,136878479,136885575,HI_WG1129,FR,5,7096,Deletion,LeftEdge,0/0
chr5,136878810,136885821,HI_WG1004,RF,6,7011,Duplication,LeftEdge,0/0
chr6,23734422,23758535,HI_WG0419,RF,7,-24113,Deletion,RightEdge,0/0
chr6,23734619,23758683,HI_WG0677,RF,5,24064,Duplication,LeftEdge,0/0
chr6,80071301,80073320,HI_WG0321,FR,14,2019,Deletion,LeftEdge,0/0
chr6,80071303,80073310,HI_WG0462,FR,13,2007,Deletion,LeftEdge,0/0
chr7,85826790,85834717,HI_WG0898,RR,5,7927,Inversion,InnerLeft,0/0
chr7,85826977,85834624,HI_WG0431,FF,6,7647,Inversion,OuterLeft,0/0
chr7,155126140,155128020,HI_WG0027,FR,7,-1880,Duplication,RightEdge,0/0
chr7,155126262,155127779,HI_WG0684,RF,5,-1517,Deletion,RightEdge,0/0
chr8,48893476,48893541,HI_WG0096,FF,16,-65,Inversion,InnerRight,0/0
chr8,48893477,48893552,HI_WG0268,FF,5,-75,Inversion,InnerRight,0/0
chr8,48893484,48893569,HI_WG0443,FF,9,-85,Inversion,InnerRight,0/0
chr8,48893486,48893610,HI_WG0307,FF,6,124,Inversion,OuterLeft,0/0
chr8,48893488,48893624,HI_WG0902,FF,12,136,Inversion,OuterLeft,0/0
chr8,48893491,48893669,HI_WG0800,FF,18,178,Inversion,OuterLeft,0/0
chr8,48893494,48893596,HI_WG0271,FF,11,-102,Inversion,InnerRight,0/0
chr8,48893498,48893565,HI_WG0265,FF,7,-67,Inversion,InnerRight,0/0
chr8,48893512,48893566,HI_WG0477,FF,9,-54,Inversion,InnerRight,0/0
chr8,48893516,48893525,HI_WG0057,FF,20,-9,Inversion,InnerRight,0/0
chr8,48893519,48893667,HI_WG0964,FF,14,148,Inversion,OuterLeft,0/0
chr8,48893527,48893592,HI_WG0280,FF,9,-65,Inversion,InnerRight,0/0
chr8,48893532,48893646,HI_WG0190,FF,13,114,Inversion,OuterLeft,0/0
chr8,48893534,48893626,HI_WG0928,FF,18,92,Inversion,OuterLeft,0/0
chr8,48893534,48893650,HI_WG0974,FF,5,116,Inversion,OuterLeft,0/0
chr8,48893537,48893669,HI_WG0922,FF,10,132,Inversion,OuterLeft,0/0
chr8,48893538,48893670,HI_WG0919,FF,28,132,Inversion,OuterLeft,0/0
chr8,48893543,48893651,HI_WG0864,FF,16,108,Inversion,OuterLeft,0/0
chr8,48893545,48893597,HI_WG1004,FF,35,52,Inversion,OuterLeft,0/0
chr8,48893546,48893638,HI_WG0811,FF,17,92,Inversion,OuterLeft,0/0
chr8,48893546,48893670,HI_WG0879,FF,23,124,Inversion,OuterLeft,0/0
chr8,48893547,48893570,HI_WG0422,FF,8,-23,Inversion,InnerRight,0/0
chr8,48893548,48893634,HI_WG0027,FF,10,86,Inversion,OuterLeft,0/0
chr8,48893549,48893549,HI_WG0262,FF,5,0,Inversion,InnerRight,0/0
chr8,48893549,48893619,HI_WG0971,FF,26,70,Inversion,OuterLeft,0/0
chr8,48893552,48893575,HI_WG0274,FF,9,-23,Inversion,InnerRight,0/0
chr8,48893553,48893597,HI_WG0321,FF,11,-44,Inversion,InnerRight,0/0
chr8,48893564,48893657,HI_WG0134,FF,13,93,Inversion,OuterLeft,0/0
chr8,48893586,48893641,HI_WG0060,FF,11,55,Inversion,InnerRight,0/0
chr8,48893589,48893669,HI_WG0407,FF,24,80,Inversion,InnerRight,0/0
chr8,48893591,48893591,HI_WG0277,FF,14,0,Inversion,InnerRight,0/0
chr8,48893591,48893591,HI_WG0452,FF,11,0,Inversion,InnerRight,0/0
chrX,415461,415524,HI_WG0928,RR,6,-63,Inversion,OuterRight,0/0
chrX,415497,416061,HI_WG0971,FF,6,-564,Inversion,InnerRight,0/0
chrX,415497,416061,HI_WG0971,FF,6,564,Inversion,OuterLeft,0/0
chrX,46810676,46830716,HI_WG0980,FF,5,20040,Inversion,OuterLeft,0/0
chrX,46810685,46830624,HI_WG0462,FF,6,-19939,Inversion,InnerRight,0/0
chrX,46810691,46830720,HI_WG0321,FF,5,20029,Inversion,OuterLeft,0/0
chrX,149570947,149585491,HI_WG0027,FF,6,-14544,Inversion,InnerRight,0/0
chrX,149570974,149585662,HI_WG0462,FF,8,-14688,Inversion,InnerRight,0/0
chrX,149570979,149585650,HI_WG0321,FF,5,-14671,Inversion,InnerRight,0/0
chrX,149570989,149585661,HI_WG0462,FF,9,14672,Inversion,OuterLeft,0/0
chrX,149570990,149585669,HI_WG1129,FF,11,-14679,Inversion,InnerRight,0/0
chrX,149571131,149585651,HI_WG0321,RR,5,14520,Inversion,InnerLeft,0/0
chrX,151351173,151351274,HI_WG0060,FF,5,-101,Inversion,OuterLeft,0/0
chrX,151351248,151351253,HI_WG0193,FF,6,5,Inversion,OuterLeft,0/0
chrY,22430245,22443520,HI_WG0557,RF,5,-13275,Deletion,RightEdge,0/0
chrY,22430348,22440107,HI_WG0321,RF,7,9759,Duplication,LeftEdge,0/0
chrY,22430370,22440056,HI_WG0754,RF,6,9686,Duplication,LeftEdge,0/0
chrY,22430375,22440057,HI_WG0971,FR,6,-9682,Duplication,RightEdge,0/0
chrY,22430407,22440060,HI_WG0971,RF,6,9653,Duplication,LeftEdge,0/0
chrY,22436862,22441389,HI_WG0131,RF,5,-4527,Deletion,RightEdge,0/0
chrY,22437631,22441635,HI_WG0437,RF,6,4004,Duplication,LeftEdge,0/0
chrY,28817795,28818053,HI_WG0437,RF,10,12883,Duplication,LeftEdge,0/0
chrY,28817795,28818930,HI_WG0449,FR,6,-21609,Duplication,RightEdge,0/0
chrY,58984682,58997447,HI_WG0321,RF,6,12765,Duplication,LeftEdge,0/0
chrY,58989902,58995118,HI_WG0534,RF,14,5216,Duplication,LeftEdge,0/0
